INSERT INTO CUSTOMER(CustomerID,CustomerFirstName,CustomerLastName,HealthInsuranceID,Gender,Birthday, BMIWeight, BMIHeight)
VALUES	
(666501, 'Filmore', 'Blunn', '0536-0355', 'Male', '1999-07-25', 419.29, 187.17),
(666502, 'Hercules', 'Mifflin', '50367-100', 'Female', '1999-08-14', 188.94, 119.54),
(666503, 'Griff', 'Pinel', '63629-1328', 'Male', '1994-06-11', 480.94, 164.08),
(666504, 'Dori', 'Snoding', '0004-0086', 'Female', '1993-02-02', 459.59, 229.93),
(666505, 'Billy', 'Youd', '21695-110', 'Male', '1992-10-09', 248.94, 103.51),
(666506, 'Arther', 'Adriaens', '48951-1150', 'Male', '1999-10-10', 319.24, 124.99),
(666507, 'Claudian', 'Woan', '0615-7752', 'Female', '1998-03-14', 392.13, 147.5),
(666508, 'Maren', 'Tenniswood', NULL, 'Male', '1994-07-02', 270.85, 241.51),
(666509, 'Zerk', 'Witnall', null, 'Female', '1993-12-04', 431.52, 232.81),
(666510, 'Erny', 'Surcomb', null , 'Male', '1998-04-01', 90.52, 212.38),
(666511, 'Gayel', 'Twinbrow', null, 'Female', '1992-04-16', 260.22, 127.18),
(666512, 'Lurleen', 'Hastelow', null, 'Female', '1998-04-08', 247.65, 243.17),
(666513, 'Brandice', 'Lattka', null, 'Female', '1990-03-18', 220.07, 140.9),
(666514, 'Carter', 'Carding', null, 'Male', '1995-03-03', 359.48, 167.41),
(666515, 'Emelen', 'Stockton', '65321-017', 'Male', '1990-03-18', 100.68, 195.81),
(666516, 'Benedikt', 'Askie', null, 'Male', '1994-03-18', 262.51, 155.02),
(666517, 'Babbie', 'Orable', '53145-401', 'Female', '1995-03-18', 347.77, 163.8),
(666518, 'Giusto', 'Corkhill', null, 'Male', '1990-03-18', 101.36, 212.81),
(666519, 'Prentice', 'Stubbings', '50666-004', 'Female', '1990-03-18', 54.89, 117.39),
(666520, 'Obadiah', 'Karim', null, 'Female', '1991-05-18', 163.57, 140.27);

/*#12.Emergency_Contact Table Insertion*/
insert into EMERGENCY_CONTACT (customerID, eFirstName, eLastName, eDateofBirth, ephoneNo, eAddress) values 
(666501, 'Claus', 'Harraway', '1994-03-09', 4080805394, '2 Lukken Crossing'),
(666502, 'Lance', 'Dreakin', '1994-04-09', 4088584113, '70081 Hazelcrest Park'),
(666503, 'Lanie', 'Pevsner', '1990-02-09', 4086024388, '2276 Westend Point'),
(666504, 'Berkeley', 'Percival', '1993-02-09', 4084083317, '84 Farwell Crossing'),
(666505, 'Yovonnda', 'Eddis', '1998-02-09', 4082244903, '10826 Anderson Avenue'),
(666506, 'Brittan', 'Kagan', '2000-02-09', 4083531300, '4 Schlimgen Court'),
(666507, 'Erick', 'Copp', '1991-02-09', 4086450224, '884 Stoughton Street'),
(666508, 'Laurianne', 'Duncan', '1992-02-09', 4087383106, '638 Lotheville Place'),
(666509, 'Annabell', 'Mennithorp', '1996-02-09', 4081196858, '25 Westport Trail'),
(666510, 'Tildie', 'Chilcotte', '1997-02-09', 4085390023, '47 Little Fleur Drive'),
(666511, 'Trix', 'Punt', '1886-02-09', 4089279995, '2778 Stephen Drive'),
(666512, 'Marta', 'Laurenzi', '1885-02-09', 4089759852, '6724 Dottie Parkway'),
(666513, 'Lishe', 'Flooks', '1867-02-09', 4080139785, '485 Magdeline Lane'),
(666514, 'Brock', 'Leyrroyd', '1882-02-09', 4085709075, '25711 Spenser Center'),
(666515, 'Magnum', 'Lundbeck', null , 4089462307, '392 Kennedy Hill'),
(666516, 'Uri', 'Realy', null , 4081289665, '395 Riverside Crossing'),
(666517, 'Hussein', 'Hattersley', null, 4080683477, '3 Myrtle Place'),
(666518, 'Andris', 'Casemore',null, 4081457799, '163 Laurel Pass'),
(666519, 'Cherilynn', 'Scutt',null, 4089059428, '52 Rusk Avenue'),
(666520, 'Arnaldo', 'Firby', null, 4088889481, '8 Macpherson Crossing');

INSERT INTO HEALTHCARE_CENTER(CenterID, HealthCareCenterName, PartnershipStartDate)
VALUES  (444401, 'Sutter Solano Medical Center', '1980-01-11'),
		(444402, 'Windsor Manor', '1985-10-01'),
		(444403, 'Sonoma Valley Hospital, NY', '1972-10-11'),
		(444404, 'Dameron Hospital', '1980-10-01'),
		(444405, 'Queen of the Valley Medical Center,NY', '1990-10-11'),
		(3001, 'Shields, Predovic and Hills',null),
		(3002, 'Batz-Hudson',null),
		(3003, 'Deckow Inc',null),
		(3004, 'Ortiz Group',null),
		(3005, 'Rogahn and Sons',null),
		(3006, 'Miller Inc',null),
		(3007, 'Kutch LLC',null),
		(3008, 'Morar-Hane',null),
		(3009, 'Hackett-Glover',null),
		(3010, 'Daugherty Inc',null),
		(3011, 'Leuschke Inc',null),
		(3012, 'Langworth-Wuckert',null),
		(3013, 'Johnson and Sons',null),
		(3014, 'Goyette LLC',null),
		(3015, 'Wisozk-Satterfield',null),
		(3016, 'Muller, Swift and Jaskolski',null),
		(3017, 'Mueller, Nicolas and Grimes',null);

INSERT INTO NURSE (nurseID, nurseName, nurseSpecialization, workStatus, salary, centerID) values 
(701, 'Gwen Halliday', 'Clinical Nurse Specialist', 'Part-Time', 5794.02, 3001),
(702, 'Zulema Hollier', 'Geriatric Nursing', 'Full-Time', 7166.88, 3002),
(703, 'Merilyn Sarre', 'Clinical Nurse Specialist', 'Intern', 6892.48, 3003),
(704, 'Cheston Boissieux', 'Cardiac Nurse', 'Part-Time', 5797.08, 3004),
(705, 'Alie Barhams', 'Cardiac Nurse', 'Full-Time', 6207.38, 3005),
(706, 'Rayna Penritt', 'Cardiac Nurse', 'Intern', 5544.57, 3006),
(707, 'Ky Menendez', 'Geriatric Nursing', 'Part-Time', 5960.14, 3007),
(708, 'Melanie Brigginshaw', 'Family Nurse Practitioner', 'Full-Time', 5549.31, 3008),
(709, 'Demott Enns', 'Geriatric Nursing', 'Intern', 5889.08, 3009),
(710, 'Tersina Schuler', 'Family Nurse Practitioner', 'Part-Time', 5568.9, 3010),
(711, 'Lucita Cowap', 'Clinical Nurse Specialist', 'Full-Time', 5682.07, 3011),
(712, 'Arvy Schach', 'Cardiac Nurse', 'Intern', 6600.8, 3012),
(713, 'Nathan Niccolls', 'Geriatric Nursing', 'Part-Time', 5632.49, 3013),
(714, 'Zia Hudel', 'Geriatric Nursing', 'Full-Time', 6424.63, 3014),
(715, 'Mirna Tallow', 'ER Nurse', 'Intern', 7058.69, 3015),
(716, 'Hamid Tipens', 'ER Nurse', 'Part-Time', 6839.96, 3016),
(717, 'Farley Counihan', 'ER Nurse', 'Full-Time', 6762.94, 3017),
(718, 'Tootsie Lillicrap', 'Registered Nurse', 'Intern', 7372.18, 3017),
(719, 'Stacy Filipov', 'Critical Care Nurse', 'Part-Time', 5898.59, 3017),
(720, 'Abbott Banishevitz', 'Cardiac Nurse', 'Full-Time', 5308.49, 3017),
(909081,'Juliet Brown','Geriatric Nursing','Part-Time',  80000,444401),
(909082,'Maggi Staples','Critical Care Nurse','Full-Time',250000,444402),
(909083, 'Grace Magda','ER Nurse' ,'Full-Time', 110000	, 444403),
(909084, 'Rikiov Babbetov','Clinical Nurse Specialist (CNS)','Full-Time', 128000,444405),
(909085, 'Sarah Manchin','Cardiac Nurse','Full-Time', 12000,444402),
(909086, 'Glory Oghene'	,'Registered Nurse','Full-Time',220000,444401),
(909087, 'Betty Stride','Certified Registered Nurse Anesthetist (CRNA)','Full-Time',190000,444404),
(909088,'Julie Wellington','Clinical Nurse Specialist (CNS)','Part-Time',100000,444403),
(909089,'Lola Abbey','Family Nurse Practitioner (FNP)','Full-Time',120000,444405),
(909080,'Alexus Blair','Perioperative Nurse','Full-Time',190000,444403),
(909090,'Alejandro Babachi','Mental Health Nurse','Part-Time',70000,444402);

/*#16.Supplier_Brand Table Insertion*/
INSERT INTO SUPPLIER_BRAND(supplierID, brandName, brandDes, supplierType) values 
(951, 'Aurobindo Pharma Limited', 'Pioglitazone Hydrochloride', 'NGO'),
(952, 'Qualitest Pharmaceuticals', 'Phenobarbital', 'Wholesale'),
(953, 'Northstar Rx LLC', 'SHAROBEL', 'Retail'),
(954, 'Noven Therapeutics, LLC', 'STAVZOR', 'Donor'),
(955, 'King Bio Inc.', 'Cold Sores and Herpes', 'Retail'),
(956, 'REMEDYREPACK INC.', 'Lisinopril', 'Wholesale'),
(957, 'Paramesh Banerji Life Sciences LLC', 'Antina 40 (Number 48)', 'Wholesale'),
(958, 'Dolgencorp, LLC', 'Witch Hazel', 'PublicHealthDept.'),
(959, 'Aaron Industries Inc.', 'Tussin DM Cough and Chest Congestion', 'Donor'),
(960, 'Mallinckrodt Inc.', 'Ultra-TechneKow', 'Wholesale'),
(961, 'K.N.Life Co., Ltd.', 'Any Mi Natural Magic BB No.7', 'NGO'),
(962, 'Nelco Laboratories, Inc.', 'Smooth Brome', 'Wholesale'),
(963, 'Upsher-Smith Laboratories, Inc.', 'Cholestyramine', 'Wholesale'),
(964, 'PD-Rx Pharmaceuticals, Inc.', 'Cialis', 'PublicHealthDept.'),
(965, 'Med-Health Pharma, LLC', 'LEVOTHYROXINE SODIUM', 'Donor'),
(966, 'Mylan Pharmaceuticals Inc.', 'Lamotrigine', 'PublicHealthDept.'),
(967, 'TOPCO ASSOCIATES LLC', 'TOPCARE', 'NGO'),
(968, 'REMEDYREPACK INC.', 'Olanzapine', 'Retail'),
(969, 'Dolgencorp Inc', 'dg health sleep aid', 'Retail'),
(970, 'Physicians Total Care, Inc.', 'Femara', 'Retail'),
(2011, 'Arm Pad', 'Padded armrest provides additional comfort', 'Retail'),
(2012, 'Drive Medical', 'Patients transport chair', 'Retail'),
(2013, 'PROCARE pads', 'Pad capable of helping breakdown', 'Retail'),                                                                                                                                                                                                                                                                                                                                                                                                                                  
(2014, 'Care Bed Model P903', 'cardiac chair capable of unparalleled flexibility','Healthcare Centers'),
(2015, 'Zantac', 'Generic drugs','Healthcare Centers'),
(2016, 'Prilosec', 'Generic drugs','Healthcare Centers');

insert into SUPPLIER_BRANCH (supplierBranchID, supplierID, branchName, branchLocation, branchActivationDate, branchClosingDate, isOnline) values 
(901, 951, 'California', '72 Mayfield Circle', '2018-04-19', null, true),
(902, 952, 'Virginia', '3 Sundown Parkway', '2018-05-18', null, true),
(903, 953, 'Tennessee', '58346 Blaine Lane', '2018-06-15', '2019-10-19', false),
(904, 954, 'Pennsylvania', '82 Walton Circle', '2018-07-14', null, true),
(905, 955, 'Missouri', '57 Hooker Park', '2018-01-13', null, true),
(906, 956, 'Tennessee', '95 Thierer Crossing', '2018-02-12', null, true),
(907, 957, 'California', '8 Dahle Court', '2018-03-11', null, true),
(908, 958, 'Idaho', '439 Scoville Crossing', '2018-03-10', '2020-01-01', false),
(909, 959, 'Texas', '453 Norway Maple Crossing', '2018-09-15', null, true),
(910, 960, 'Arizona', '8 Bartelt Crossing', '2017-10-20', null, true),
(911, 961, 'Oklahoma', '68 Roxbury Plaza', '2018-10-19', null, true),
(912, 962, 'Florida', '772 Shelley Terrace', '2014-10-30', null, true),
(913, 963, 'Texas', '7728 Clyde Gallagher Street', '2015-10-19', null, true),
(914, 964, 'North Carolina', '544 Carpenter Junction', '2015-10-19', null, true),
(915, 965, 'Oklahoma', '350 Hintze Avenue', '2015-10-19', null, true),
(916, 966, 'Tennessee', '6318 Kim Crossing', '2016-10-19', null, true),
(917, 967, 'Hawaii', '8 Arizona Trail', '2016-10-19', '2018-10-19', true),
(918, 968, 'California', '1311 Melvin Alley', '2017-10-19', null, true),
(919, 969, 'New York', '0 Texas Place', '2018-10-19', '2021-10-19', true),
(920, 970, 'Massachusetts', '9 Norway Maple Street', '2020-10-19', null, true),
(1818888,2011,'Dentsply Sirona Inc, New York','Bronx, NY','2020-01-01','2021-12-01',1),
 (1818887,2011,'Ethicon Inc, Chicago','Chicago, IL','2020-01-01','2021-12-01',1);

INSERT INTO DIAGNOSTIC_TEST(TestID, TestName, TestDesc,ApproximateTime, TestPrice, TestType )
VALUES	(1001001,  'Blood sugar tests','Nutritional deficiencies','2021-01-11 00:00:01', 500,'Complete bloodCount'),
		(1001002, 'COVID-19 test', 'Low-density lipoprotein (LDL)', '2021-01-01 00:00:01', 600, 'Lipid panel'),
		(1001003,  'Liver function tests','Low-density lipoprotein (LDL)','2020-04-01 00:00:01', 520, 'Lipid panel'),
		(1001004, 'Kidney function tests','Blood urea nitrogen', '2020-11-01 00:10:01', 521, 'Complete bloodCount'),
		(1001005, 'BasicMetabolic panel', 'Total protein','2021-04-01 00:12:01', 757, 'Metabolic panel'),
(5001, 'Lipid Panel A ', 'Retinal vascular changes', '2020-02-16 16:25:59', 723.46, 'Virology'),
(5002, 'Prothrombin Time', 'Unsat restore tooth NOS', '2020-02-18 09:02:45', 650.73, 'Scanning'),
(5003, 'Comprehensive Metabolic Panel', 'Aftr-catar obscur vision', '2020-08-18 02:52:13', 111.23, 'Scanning'),
(5004, 'Basic Metabolic Panel', 'Aftercare joint replace', '2020-11-11 23:23:52', 193.08, 'Investigatory'),
(5005, 'Thyroid Stimulating X', 'FB in posterior wall', '2020-06-09 07:29:31', 113.99, 'Scanning'),
(5006, 'Comprehensive Metabolic Panel C ', 'Hyperaldosteronism NOS', '2020-08-16 01:06:26', 984.42, 'Investigatory'),
(5007, 'Thyroid Stimulating', 'Acute miliary tb-unspec', '2020-12-07 09:56:27', 796.0, 'Investigatory'),
(5008, 'Thyroid Stimulating A ', 'Uns my leu wo ach rmsn', '2020-10-29 19:31:03', 830.04, 'Investigatory'),
(5009, 'Lipid Panel', 'Behcet arthritis-shlder', '2020-05-29 05:55:54', 711.75, 'Comprehensive'),
(5010, 'Basic Metabolic Panel', 'Primary hyperparathyroid', '2020-03-15 03:12:45', 932.01, 'ProfileCheck'),
(5011, 'Prothrombin Time', 'Contact dermatit eyelid', '2020-05-26 12:00:04', 749.02, 'Virology'),
(5012, 'Thyroid Stimulating B', 'Loc 2nd osteoart-forearm', '2020-11-07 00:14:08', 945.36, 'Scanning'),
(5013, 'Liver Panel', 'Opn brain lac-proln coma', '2020-08-13 08:49:25', 480.54, 'ProfileCheck'),
(5014, 'Thyroid Stimulating C', 'Recur depr psyc-part rem', '2020-08-30 17:19:03', 422.88, 'Comprehensive'),
(5015, 'Comprehensive Metabolic Panel D ', 'Loss of teeth NEC', '2020-04-10 04:54:59', 949.17, 'Investigatory'),
(5016, 'Hemoglobin A1C', 'Adrenal gland injury-opn', '2020-09-12 11:49:59', 337.28, 'Virology'),
(5017, 'Thyroid Stimulating D', 'Amputation foot, bilat', '2020-05-09 03:10:39', 764.74, 'Virology'),
(5018, 'Complete Blood Count', 'Hx-lymphosarcoma', '2020-03-17 05:35:43', 181.89, 'Scanning'),
(5019, 'Comprehensive Metabolic Panel B', 'Primary syphilis NEC', '2020-07-12 22:22:59', 339.64, 'Investigatory'),
(5020, 'Lipid Panel B ', 'Allerg alveol/pneum NEC', '2020-01-10 09:25:53', 196.58, 'Virology');


INSERT INTO offering(offeringID,offeringName,price,descriptions,offeringType)
VALUES	( 1,'Masks',11.0,'Procedure Mask Cypress Pleated Earloops One Size','Item'),
(2, 'Sanitizer',20.0,'Hand Sanitizer McCord 8 oz. Ethyl Alcohol Gel Pump Bottle','Item'),
(3, 'Gown',11.0,'Protective Procedure Gown Large Blue NonSterile AAMI Level 1 Disposable','Item'),
(4, 'Sanitizer Ethyl Alcohol',19.0,'Hand Sanitizer HandClean 8.45 oz. Ethyl Alcohol Gel Bottle','Item'),
(5, 'Earloops',30.0,'Procedure Mask McKesson Pleated Earloops ','Item'),
(6, 'Procedure Gown',5.0,'Protective Procedure Gown One Size Fits Most','Item'),
(7, 'Respiratory Setup Bag',15.0,'Respiratory Set-Up Bag McKesson PULL-TITE™','Item'),
(8, 'Nebulizer',20.0,'Nebulizer Filter McKesson','Item'),
(9, 'Wheelchair Oxygen Bag',200.0,'Wheelchair Oxygen Bag McKesson','Item'),
(10, 'Face Sheild',100.0,'Face Shield One Size Fits ','Item'),
(11, 'Oxygen Bag Shoulder',40.0,'Shoulder Oxygen Bag McKesson','Item'),
(12, 'Patient Transfer Service',100.0,'Patient Transfer Service','Service'),
(13, 'Home Nursing',200.0,'Home Nursing','Service'),
(14, 'Emergency Medical Services',300.0,'Emergency Medical Services','Service'),
(15, 'At Home Nurse',100.0,'At Home Nurse','Service'),
(16, 'Respiratory Monitory Training',500.0,'Respiratory Monitory Training','Service'),
(17, 'COVID Test At Home Service',500.0,'COVID Test At Home Service','Service'),
(18, 'COVID Vaccine At Home Service',500.0,'COVID Vaccine At Home Service','Service'),
(19, 'Home Medical Equipment',8131.0, 'Home Medical Equipment Supply', 'Service'),
(20, 'Medical Claims Processing', 4974.0, 'Medical Claims Processing for Health Plans', 'Service');
-- items with orders in april 
-- quantity should be high

INSERT INTO service(sOfferingID,serviceRating,duration)
VALUES (12,null,20),
(13,null,15),
(14,null,60),
(15,null,30),
(16,5.0,40),
(17,4.3,30),
(18,3.5,15),
(19,4.3,45),
(20,3.5,60); 

INSERT INTO item(tOfferingID,quantity,itemType,unitOfMeasure) 
VALUES (1,20,'Protection','G'),
(2,20,'Protection','Pounds'),
(3,10,'Protection','Kgs'),
(4,12,'Protection','Grams'),
(5,10,'Protection','millilitre'),
(6,5,'Protection','litre'),
(7,4,'Respiratory','Grams'),
(8,1,'Respiratory','litre'),
(9,10,'Respiratory','Kgs'),
(10,30,'Respiratory','Grams'),
(11,20,'Respiratory','Grams');

INSERT INTO HEALTHCARE_PROVIDER(DoctorID, DocFullName, PhoneNo, IsHealthCareDoctor, IsIndependent)
	VALUES	(909051, 'Jake Brown', 2129094410, 1, 1),
			(909052, 'Philip Doe', 2826244412, 1, 1),
			(909053, 'Junior Barret',4290941111, 1,1),
			(909054, 'Chris Schneider',5490941042,1, 1),
			(909055, 'Daniel Trump',2099094412, 1, 1),
(201, 'Nadean Asey', 5107829746, false, false),
(202, 'Marybelle Yarrell', 5108680729, false, false),
(203, 'Poul Theobold', 5107072804, true, false),
(204, 'Hillie Aynscombe', 5104728379, false, false),
(205, 'Glory Antonijevic', 5103217574, true, false),
(206, 'Cirstoforo Meredith', 5104852145, false, false),
(207, 'Hannis Wolfe', 5106198605, true, false),
(208, 'Crawford Carnew', 5104275920, true, true),
(209, 'Austin Cowndley', 5101831383, false, false),
(210, 'Vivianna Gradon', 5101578595, true, false),
(211, 'Marco Andrews', 5106357279, false, false),
(212, 'Aubry Spurett', 5108753968, true, true),
(213, 'Clari Muffett', 5109955747, false, false),
(214, 'Edan Simon', 5106143002, false, true),
(215, 'Dannie Horsey', 5107201561, false, true),
(216, 'Andros Wallace', 5101039983, true, true),
(217, 'Hewe Alfwy', 5102259113, true, false),
(218, 'Trudie Swetenham', 5104709345, true, true),
(219, 'Ed Packwood', 5104580419, false, false),
(220, 'Min Jarritt', 5108596618, true, false);

INSERT INTO HEALTHCARE_DOCTOR(HealthcareEmployeeID, ManagerEmpID, CenterID)
				VALUES  (909051, 909054, 444403),
						(909052, 909054, 444403),
						(909053, 909054, 444403),
						(909054, 909054, 444405),
						(909055, 909054, 444405),
(203, 203, 3001),
(205, 203, 3002),
(207, 203, 3003),
(208, 203, 3003),
(210, 203, 3003),
(212, 203, 3003),
(220, 203, 3004),
(217, 217, 3005),
(218, 217, 3006),
(216, 217, 3007);
                        
/*#6.Independent_Doctor Table Insertion*/
insert into INDEPENDENT_DOCTOR (iDoctorID, hourlyFee, docAddress) values 
(909051, 74, '50130 Sundown Drive'),
(909052, 81, '911 Maryland Place'),
(909053, 85, '77563 Pond Drive'),
(909054, 63, '9759 Pleasure Pass'),
(909055, 52, '5 Blue Bill Park Parkway'),
(208, 64, '85 Monterey Trail'),
(212, 90, '0978 Lyons Way'),
(214, 59, '3 Prairieview Street'),
(215, 77, '9034 Little Fleur Circle'),
(216, 53, '0119 Eastwood Circle'),
(218, 55, '37605 Brown Pass');
              
/*#2.Doctor_Specialization Table Insertion*/
insert into DOCTOR_SPECIALIZATION (doctorID, doctorSpecialization) values 
(201, 'Emergency Medicine'),
(202, 'Oncology'),
(203, 'Preventive Medicine'),
(204, 'Diagnostic Radiology'),
(205, 'Anesthesiology'),
(206, 'Radiation'),
(207, 'Dermatology'),
(208, 'Preventive Medicine'),
(209, 'Preventive Medicine'),
(210, 'Radiation'),
(211, 'Diagnostic Radiology'),
(212, 'Anesthesiology'),
(213, 'Urology'),
(214, 'Preventive Medicine'),
(215, 'Urology'),
(216, 'Surgery'),
(217, 'Anesthesiology'),
(218, 'Ophthalmology'),
(219, 'Radiation'),
(220, 'Ophthalmology');
-- -----------
INSERT INTO ORDERS (OrderID, CustomerID,DeliveryCity,DeliveryArea,DeliveryState, DeliveryZIP, DeliveryStreet, OrderDate, DeliveryPhoneNo,OrderPrice)
VALUES  (101, 666501,'San Diego','Eastbay','CA',95002, '14 Clayton Rd', '2021-04-5 22:00:10', 5252344258, 2300),
		(102, 666502,'San Francisco','Eastbay', 'CA', 95102, '26 WillowPass Rd', '2020-04-09 01:00:00', 5525234428, 4800),
		(103, 666503,'Los Angeles','Eastbay', 'CA', 95102, '490 Church Street','2020-04-10 04:00:00', 5252634428, 2200),
		(104, 666504,'San Francisco','Eastbay', 'CA', 95202, '2 University Ave','2020-04-12 04:00:00', 5254234428, 2440),
		(105, 666505,'San Diego', 'Eastbay','CA', 92542, '202 Monument Blvd','2020-04-30 10:00:00', 5252343428, 6600),
		(106, 666506,'Sacramento','Eastbay', 'CA', 95602, '11 Market Street', '2020-04-23 00:00:00', 5252364428, 2300),
		(107, 666507,'San Diego','Eastbay', 'CA', 95552, '20 Post Office Rd','2020-04-14 01:00:00', 5252342428, 7000),
		(108, 666508,'San Jose', 'Eastbay','CA', 95602, '80 Sunshine Blvd','2020-04-15 02:00:00', 5252344228, 6200),
		(109, 666509,'Fresno','Northbay', 'CA', 94522, '21 Claycus Ave', '2020-04-01 03:00:00', 5252344228, 7900),
		(110, 666510,'Long Beach','Southbay','CA', 94107, '11 Oak Road', '2020-04-25 03:00:00', 5252344428, 4900),
(801, 666512, 'Wilkes Barre', 'Hayes', 'CA', 37332, '2417 Annamark Pass', '2020-09-02 03:00:00', 5014642079, 52.99),
(802, 666503, 'Orange', 'Dunning', 'CA', 15700, '152 Everett Street', '2020-01-28 03:00:00', 5010199226, 37.71),
(803, 666512, 'Salt Lake City', 'Waubesa', 'UT', 35564, '90 Valley Edge Alley', '2020-05-24 03:00:00', 5017908251, 30.23),
(804, 666513, 'Tacoma', 'Roth', 'WA', 35612, '69410 Westport Alley', '2020-08-09 03:00:00', 5019836755, 74.22),
(805, 666501, 'Springfield', 'Warrior', 'MI', 98699, '7 Pankratz Parkway', '2020-10-18 03:00:00', 5016533673, 12.04),
(806, 666513, 'Harrisburg', 'Hermina', 'PY', 16812, '2 Steensland Center', '2020-02-24 03:00:00', 5014540639, 82.39),
(807, 666513, 'Metairie', 'Redwing', 'LO', 99532, '29 Prairieview Way', '2020-02-24 03:00:00', 5012384439, 93.74),
(808, 666513, 'Seattle', 'Hooker', 'WA', 49661, '701 Weeping Birch Place', '2020-10-08 03:00:00', 5015547357, 69.24),
(809, 666514, 'San Antonio', 'Bluejay', 'TX', 67561, '6891 Messerschmidt Road', '2020-12-14 03:00:00', 5017174627, 83.62),
(810, 666515, 'Savannah', 'Commercial', 'GE', 93908, '68936 Knutson Center', '2020-03-20 03:00:00', 5013481106, 20.19),
(811, 666516, 'Columbus', 'Manley', 'OH', 32338, '79 2nd Alley', '2020-04-26 03:00:00', 5015979002, 62.69),
(812, 666517, 'Metairie', 'Calypso', 'LO', 64079, '3 Service Plaza', '2020-02-10 03:00:00', 5012137882, 27.85),
(813, 666517, 'Lincoln', 'Acker', 'NB', 35807, '25 Donald Street', '2020-05-06 03:00:00', 5013397076, 77.18),
(814, 666518, 'Reading', 'Namekagon', 'PN', 31521, '8 Messerschmidt Point', '2020-07-03 03:00:00', 5016924112, 61.93),
(815, 666518, 'Amarillo', 'Marquette', 'TX', 82806, '072 Schurz Circle', '2020-10-04 03:00:00', 5010799588, 67.56),
(816, 666518, 'Miami', 'Utah', 'FL', 27662, '07 Ramsey Lane', '2020-05-15 03:00:00', 5018420749, 75.23),
(817, 666518, 'Atlanta', 'Browning', 'GR', 78569, '4050 Surrey Place', '2020-08-20 03:00:00', 5019357638, 65.46),
(818, 666519, 'Boulder', 'Lunder', 'CL', 63254, '33281 Blackbird Center', '2020-08-10 03:00:00', 5012331481, 43.81),
(819, 666519, 'Louisville', 'Mockingbird', 'KT', 81640, '1 Miller Park', '2020-06-26 03:00:00', 5019622744, 58.63),
(820, 666520, 'Dallas', 'Swallow', 'TX', 61838, '5663 Cascade Junction', '2020-11-02 03:00:00', 5019748289, 55.25);





INSERT INTO ORDER_ITEM_DETAILS( OrderID, OfferingID, SupplierBranchID, Quantity, ScheduledDeliveryDate, ActualDeliveryDate)
VALUES  (101,	1, 1818888,	2100, '2021-01-23', '2021-02-23'),
		(102,	2, 1818887,	200, '2021-01-13', '2021-03-22'),
		(103,	2, 1818888,	100, '2021-01-03', '2021-01-30'),
        (103,	7, 1818888,	10, '2021-01-03', '2021-01-30'),
		(104,	2, 1818887,	200, '2020-11-23', '2021-02-02'),
		(105,	3, 1818888,	300, '2020-10-18', '2021-01-23'),
		(106,	4, 1818887,	5000, '2020-02-23', '2020-12-23'),
        (106,	7, 1818888,	100, '2020-02-14', '2020-12-23'),
		(107,	6, 1818887,	260, '2021-02-16', '2021-04-03'),
        (110,	5, 1818887,	260, '2021-03-23', '2021-04-03'),
        (109,	4, 1818887,	260, '2021-07-14', '2021-04-03'),
        (108,	3, 1818887,	260, '2021-08-12', '2021-04-03'),
        (106,	2, 1818887,	260, '2021-06-24', '2021-04-03'),
        (103,	1, 1818887,	260, '2021-03-23', '2021-04-03'),
        (102,	4, 1818887,	260, '2021-01-23', '2021-04-03'),
         (110,	7, 1818887,	200, '2021-01-26', '2021-04-03'),
         (110,	9, 1818887,	10, '2021-02-04', '2021-04-03'),
         (110,	8, 1818887,	20, '2021-04-27', '2021-04-03'),
         (109,	9, 1818887,	300, '2021-08-3', '2021-04-03'),
         (109,	8, 1818887,	400, '2021-06-2', '2021-04-03'),
         (109,	7, 1818887,	500, '2021-08-1', '2021-04-03'),
         (108,	6, 1818887,	10, '2021-10-8', '2021-04-03'),
         (107,	8, 1818887,	20, '2021-11-15', '2021-04-03'),
         (108,5, 1818887,	30, '2021-12-13', '2021-04-03'),
         (108,	9, 1818887,	20, '2021-01-23', '2021-04-03'),
         (108,	8, 1818887,	20, '2021-04-23', '2021-04-03')
         ,
         (101,	12, 1818887,	1, '2021-01-23', '2021-04-03'),
         (102,	12, 1818887,	1, '2021-01-23', '2021-04-03'),
         (103,	12, 1818887,	1, '2021-01-23', '2021-04-03'),
         (108,	13, 1818887,	1, '2021-01-23', '2021-04-03'),
         (107,	14, 1818887,	1, '2021-01-23', '2021-04-03'),
         (106,	15, 1818887,	1, '2021-01-23', '2021-04-03'),
         (105,	16, 1818887,	1, '2021-01-23', '2021-04-03'),
         (109,	17, 1818887,	1, '2021-01-23', '2021-04-03'),
         (110,	18, 1818887,	1, '2021-01-23', '2021-04-03'),
         (109,	18, 1818887,	1, '2021-01-23', '2021-04-03'),
         (110,	13, 1818887,	1, '2021-01-23', '2021-04-03'),
         (801, 18, 901, 883, '2021-01-01', '2021-02-27'),
(802, 18, 902, 57, '2021-01-01', '2021-02-27'),
(803, 19, 903, 449, '2021-01-01', '2021-02-27'),
(804, 19, 904, 650,  '2021-01-01', '2021-02-27'),
(805, 20, 905, 645,  '2021-01-01', '2021-02-27'),
(806, 20, 906, 860,  '2021-01-01', '2021-02-27'),
(807, 17, 907, 94, '2021-01-01', '2021-02-27'),
(808, 16, 908, 324, '2021-01-01', '2021-02-27'),
(809, 15, 909, 291,'2021-01-01', '2021-02-27'),
(810, 14, 910, 360, '2021-01-01', '2021-02-27'),
(811, 13, 911, 442,  '2021-01-01', '2021-02-27'),
(812, 12, 911, 347, '2021-01-01', '2021-02-27'),
(813, 13, 913, 878,  '2021-01-01', '2021-02-27'),
(814, 14, 914, 655, '2021-01-01', '2021-02-27'),
(815, 15, 915, 961, '2021-01-01', '2021-02-27'),
(816, 16, 916, 380, '2021-01-01', '2021-02-27'),
(817, 17, 917, 486,  '2021-01-01', '2021-02-27'),
(818, 18, 918, 226,'2021-01-01', '2021-02-27'),
(819, 19, 919, 152, '2021-01-01', '2021-02-27'),
(820, 20, 920, 204,  '2021-01-01', '2021-02-27');
        

INSERT INTO  Appointment(AppointmentID, DoctorID, CustomerID, AppointmentDate,AppointmentType, ReqDocType,  ReasonDesc, AppointReview, ResultStatus) 
VALUES
(10122201, 909051, 666501, '2021-04-5 18:00:10', 'Regular', 'Internal medicine doctor', 'Simple and Complex conditions from early adulthood', 'Need to change diet and lifestyle', 'None'),
(10122202, 909051, 666502, '2021-04-4 18:00:10', 'Regular', 'Pediatricians', 'Specialize in caring for children', 'Need immediate attention and treatment', 'None'),
(10122203, 909051, 666503, '2021-04-5 18:00:10', 'Regular', 'Family medicine doctors', 'General care for your whole family', 'Need to stop smoking', 'None'),
(10122204, 909053, 666504, '2021-04-26 19:00:10', 'Regular', 'OB-GYNs', 'Experts in women health', 'Need to lose weight', 'None'),
(10122205, 909052, 666505, '2021-04-27 19:00:10', 'Regular', 'Med-Peds', 'Simple and Complex conditions from early adulthood', 'Patient need Need Surgery', 'None'),
(10122206, 909055, 666506, '2021-04-2 20:00:10', 'Regular', 'Internal medicine doctor', 'Simple and Complex conditions from early adulthood', 'Need to change diet and lifestyle', 'None'),
(10122207, 909052, 666507, '2021-04-1 21:00:10', 'Regular', 'Pediatricians', 'Specialize in caring for children', 'Need immediate attention and treatment', 'None'),
(10122208, 909053, 666508, '2021-04-30 22:00:10', 'Regular', 'Family medicine doctors', 'General care for your whole family', 'Need to stop smoking', 'None'),
(10122209, 909054, 666509, '2021-04-29 22:00:10', 'Regular', 'OB-GYNs', 'Experts in women health', 'Need to lose weight', 'None'),
(10122210, 909055, 666510, '2021-06-28 22:00:10', 'Regular', 'Med-Peds', 'Simple and Complex conditions from early adulthood', 'Patient need Need Surgery', 'None'),
(101, 201, 666501, '2021-05-5 22:00:10', 'Regular', 'Dermatologist', 'High Blood Pressure', 'Discharged', 'In Progress'),
(102, 202, 666504, '2021-04-5 22:00:10', 'Pre-TravelConsultation', 'Dentist', 'Respiratory Problems', 'Discharged', 'Unperformed'),
(103, 203, 666505, '2021-03-5 22:00:10', 'Regular', 'Psychiatrist', 'Depression', 'Need Further Investigation', 'In Progress'),
(104, 204, 666505, '2021-02-5 22:00:10', 'Followup', 'Psychiatrist', 'Joint Pain', 'Need Further Investigation', 'Unperformed'),
(105, 205, 666506, '2021-01-5 22:00:10', 'Emergency', 'Surgeon', 'Joint Pain', 'Referred to Lab', 'In Progress'),
(106, 206, 666506, '2021-01-5 22:00:10', 'OfficeVisit', 'Psychiatrist', 'Respiratory Problems', 'Discharged', 'Completed'),
(107, 207, 666507, '2021-02-5 22:00:10', 'OfficeVisit', 'Gynecologist', 'Respiratory Problems', 'Need Further Investigation', 'Unperformed'),
(108, 208, 666508, '2021-03-5 22:00:10', 'OfficeVisit', 'Physician', 'Skin Disorders', 'Admitted', 'In Progress'),
(109, 209, 666508, '2021-02-5 22:00:10', 'Emergency', 'Surgeon', 'Chronic Neurology Disorders', 'Admitted', 'Unperformed'),
(110, 210, 666509, '2021-04-5 22:00:10', 'OfficeVisit', 'Dentist', 'Depression', 'Discharged', 'Completed'),
(111, 211, 666509, '2021-02-5 22:00:10', 'Emergency', 'Cardiologist', 'Respiratory Problems', 'Discharged', 'Completed'),
(112, 212, 666510, '2021-05-5 22:00:10', 'Vaccinations', 'Psychiatrist', 'Respiratory Problems', 'Referred to Lab', 'Unperformed'),
(113, 213, 666511, '2021-02-5 22:00:10', 'Pre-TravelConsultation', 'Gynecologist', 'Cholesterol Problems', 'Awaiting Result', 'Unperformed'),
(114, 214, 666512, '2021-04-5 22:00:10', 'Followup', 'Gynecologist', 'Chronic Neurology Disorders', 'Awaiting Result', 'Completed'),
(115, 215, 666512, '2021-05-5 22:00:10', 'OfficeVisit', 'Gynecologist', 'Chronic Neurology Disorders', 'Awaiting Result', 'Completed'),
(116, 216, 666513, '2021-06-5 22:00:10', 'Vaccinations', 'Psychiatrist', 'Depression', 'Awaiting Result', 'In Progress'),
(117, 217, 666514, '2021-03-5 22:00:10', 'BloodDraw', 'Gynecologist', 'Cholesterol Problems', 'Awaiting Result', 'Completed'),
(118, 218, 666512, '2021-03-5 22:00:10', 'WellnessPhysical', 'Physician', 'Bipolar Disorder', 'Need Further Investigation', 'Completed'),
(119, 219, 666511, '2021-01-5 22:00:10', 'OfficeVisit', 'Dentist', 'Joint Pain', 'Referred to Lab', 'In Progress'),
(120, 220, 666510, '2021-04-5 22:00:10', 'Regular', 'Dentist', 'Chronic Neurology Disorders', 'Admitted', 'In Progress');

     
       
INSERT INTO TEST_ASSIGNED(AssignedTestID, NurseID, TestID, AppointmentID, DoctorID,customerID, ExpectedDate,TakenDate,TestResultDes, TestRating)
VALUES					(1111110110, 909081, 1001001, 10122201, 909051,666501,'2021-01-02', '2021-02-20','Blood sugar tests','Normal'),
						(1111110112, 909082, 1001002, 10122202, 909052,666502,'2021-02-03', '2021-03-30','Low-density lipoprotein','Positive'),
						(1111110113, 909083, 1001003, 10122203, 909053,666503,'2021-01-04', '2021-02-20','Low-density lipoprotein','Negative'),
						(1111110114, 909084, 1001001, 10122204, 909054,666504,'2021-01-05', '2021-02-20','High-density lipoprotein','Normal'),
						(1111110115, 909085, 1001004, 10122205, 909055,666505,'2021-01-06', '2021-02-20','Kidney function tests','Inconclusive'),
						(1111110116, 909086, 1001002, 10122206, 909051,666506,'2021-01-07', '2021-02-20','Complete Blood tests','Normal'),
						(1111110118, 909087, 1001003, 10122207, 909052,666507,'2021-02-08', '2021-02-28','High-density lipoprotein','Inconclusive'),
						(1111110119, 909088, 1001002, 10122208, 909053,666508,'2021-01-09', '2021-02-20','Blood sugar tests','Abnormal'),
						(1111110111, 909089, 1001005, 10122209, 909054,666509,'2021-02-11', '2021-02-20','High-density lipoprotein','Positive'),
						(1111110117, 909090, 1001004, 10122210, 909055,666510,'2021-02-12', '2021-03-30','Complete Blood tests','Inconclusive'),
                        (4001, 701, 5001, 101, 201, 666501,'2021-02-12', '2021-03-30', 'Normal', 'Good'),
(4002, 702, 5002, 102, 202, 666504,'2021-02-07', '2021-02-20', 'Positive', 'Bad'),
(4003, 703, 5003, 103, 203, 666505,'2021-09-07', '2021-02-20', 'Negative', 'Average'),
(4004, 704, 5004, 104, 204, 666505,'2021-12-07', '2021-02-20', 'Abnornmal', 'Excellent'),
(4005, 705, 5005, 105, 205, 666506,'2021-11-07', '2021-02-20', 'Normal', 'Poor'),
(4006, 706, 5006, 106, 206, 666506,'2021-10-07', '2021-02-20', 'Positive', 'Excellent'),
(4007, 707, 5007, 107, 207, 666507,'2021-09-07', '2021-02-20', 'Inconclusive', 'Poor'),
(4008, 708, 5008, 108, 208, 666508,'2021-08-07', '2021-02-20', 'Negative', 'Bad'),
(4009, 709, 5009, 109, 209, 666508,'2021-04-07', '2021-02-20', 'Positive', 'Poor'),
(4010, 710, 5010, 110, 210, 666509,'2021-03-07', '2021-02-20', 'Inconclusive', 'Average'),
(4011, 711, 5011, 111, 211, 666509,'2021-01-07', '2021-02-20', 'Inconclusive', 'Excellent'),
(4012, 712, 5012, 112, 212, 666510,'2021-03-07', '2021-02-20', 'Normal', 'Excellent'),
(4013, 713, 5013, 113, 213, 666511,'2021-06-07', '2021-02-20', 'Abnormal', 'Poor'),
(4014, 714, 5014, 114, 214, 666512,'2021-08-07', '2021-02-20', 'Negative', 'Bad'),
(4015, 715, 5015, 115, 215, 666512,'2021-09-07', '2021-02-20', 'Abnormal', 'Poor'),
(4016, 716, 5016, 116, 216, 666513,'2021-10-07', '2021-02-20', 'Positive', 'Poor'),
(4017, 717, 5017, 117, 217, 666514,'2021-11-07', '2021-02-20', 'Positive', 'Average'),
(4018, 718, 5018, 118, 218, 666512,'2021-12-07', '2021-02-20', 'Inconclusive', 'Good'),
(4019, 719, 5019, 119, 219, 666511,'2021-12-07', '2021-02-20', 'Positive', 'Poor'),
(4020, 720, 5020, 120, 220, 666510,'2021-12-07', '2021-02-20', 'Normal', 'Poor');


insert into usage_schedule (scheduleID, offeringID, appointmentID, untilDate) values 
(1001, 1, 101, '2021-03-25'),
(1002, 2, 102, '2021-04-25'),
(1003, 3, 103, '2021-08-25'),
(1004, 4, 104, '2021-02-25'),
(1005, 5, 105, '2021-02-25'),
(1006, 6, 106, '2021-09-25'),
(1007, 7, 107, '2021-11-25'),
(1008, 8, 108, '2021-12-25'),
(1009, 9, 109, '2021-05-25'),
(1010, 10, 110, '2021-03-25'),
(1011, 11, 111, '2021-04-25'),
(1012, 12, 112, '2021-02-25'),
(1013, 13, 113, '2021-01-25'),
(1014, 14, 114, '2021-09-25'),
(1015, 15, 115, '2021-08-25'),
(1016, 16, 116, '2021-04-25'),
(1017, 17, 117, '2021-01-25'),
(1018, 18, 118, '2021-09-25'),
(1019, 19, 119, '2021-04-25'),
(1020, 20, 120, '2021-03-25');



insert into schedule_t (scheduleID, timeOfDay, dayOfWeek) values 
(1001, '2000-01-01 08:00:00', 2),
(1002, '2000-01-01 01:00:00', 3),
(1003, '2000-01-01 12:00:00', 2),
(1004, '2000-01-01 15:00:00', 2),
(1005, '2000-01-01 18:00:00', 7),
(1006, '2000-01-01 19:00:00', 6),
(1007, '2000-01-01 12:00:00', 6),
(1008, '2000-01-01 11:00:00', 4),
(1009, '2000-01-01 09:00:00', 2),
(1010, '2000-01-01 10:00:00', 7),
(1011, '2000-01-01 07:00:00', 6),
(1012, '2000-01-01 01:00:00', 4),
(1013, '2000-01-01 01:00:00', 3),
(1014, '2000-01-01 08:00:00', 3),
(1015, '2000-01-01 09:00:00', 4),
(1016, '2000-01-01 09:00:00', 1),
(1017, '2000-01-01 22:00:00', 3),
(1018, '2000-01-01 07:00:00', 2),
(1019, '2000-01-01 03:00:00', 7),
(1020, '2000-01-01 05:00:00', 6);

